Form,Field
All - Trackbooks,Date | Information
All - Trackbooks,Location | Information
All - Trackbooks,Created By | Information
All - Trackbooks,Form Name | Information
All - Trackbooks,Label | Information
All - Trackbooks,Foreman | Basic Information
All - Trackbooks,Date | Basic Information
All - Trackbooks,Job Name | Basic Information
All - Trackbooks,GPS Location | Basic Information
All - Trackbooks,Task Steps | T
All - Trackbooks,Production Goals | T
All - Trackbooks,Task Hazards | R
All - Trackbooks,Task Risks | A
All - Trackbooks,Hazard Controls | C
All - Trackbooks,Bluestaked and Located | K
All - Trackbooks,Vehicle/Equipment Daily Inspections | K
All - Trackbooks,Hazardous Housekeeping | K
All - Trackbooks,PPE | K
All - Trackbooks,Pinch Points | K
All - Trackbooks,Access | K
All - Trackbooks,3 Day Look Ahead | 3 Day Look Ahead
All - Trackbooks,Needs | 3 Day Look Ahead
All - Trackbooks,Existing Damage | CYA
All - Trackbooks,Existing Damage Photos | CYA
All - Trackbooks,Bluestake Marking Notes | CYA
All - Trackbooks,Bluestake Marking Photos | CYA
All - Trackbooks,Add Comment
All - Trackbooks,Add Image
All - Trackbooks,Add Photo
All - Trackbooks,Add Signature
All - Trackbooks,Comment records
All - Trackbooks,Date Created
All - Trackbooks,Date Modified
All - Trackbooks,Image records
All - Trench and Excavation Checklists,Created By | Information
All - Trench and Excavation Checklists,Date | Information
All - Trench and Excavation Checklists,Form Name | Information
All - Trench and Excavation Checklists,Label | Information
All - Trench and Excavation Checklists,Location | Information
All - Trench and Excavation Checklists,Project | Description
All - Trench and Excavation Checklists,Date | Description
All - Trench and Excavation Checklists,Weather | Description
All - Trench and Excavation Checklists,Soil Type | Description
All - Trench and Excavation Checklists,Trench Depth | Description
All - Trench and Excavation Checklists,Trench Length | Description
All - Trench and Excavation Checklists,Trench Width | Description
All - Trench and Excavation Checklists,Protective System | Description
All - Trench and Excavation Checklists,Name | Description
All - Trench and Excavation Checklists,Inspected By | Description
All - Trench and Excavation Checklists,Daily Excavations and Protective Systems Inspected | Excavation
All - Trench and Excavation Checklists,Authority to Remove Workers | Excavation
All - Trench and Excavation Checklists,Surface Encumbrances Supported or Removed | Excavation
All - Trench and Excavation Checklists,Employees Protected from Loose Rock or Soil | Excavation
All - Trench and Excavation Checklists,Hard Hats Worn | Excavation
All - Trench and Excavation Checklists,Minimum Distance Away from Excavation | Excavation
All - Trench and Excavation Checklists,Barriers Provided | Excavation
All - Trench and Excavation Checklists,Walkways and Bridges with Guardrails | Excavation
All - Trench and Excavation Checklists,Warning Vests or Highly Visible PPE Worn | Excavation
All - Trench and Excavation Checklists,Prohibited from Working Under Suspended Loads | Excavation
All - Trench and Excavation Checklists,Prohibited from Working on Slopes Above Others | Excavation
All - Trench and Excavation Checklists,Warning Systems Established and Used | Excavation
All - Trench and Excavation Checklists,"Trench Box Extends 18"" | Trench Box"
All - Trench and Excavation Checklists,Trench Box is 2' Or Lower from Ground | Trench Box
All - Trench and Excavation Checklists,Trench Box has been Inspected | Trench Box
All - Trench and Excavation Checklists,Trench Box is Empty While Being Moved | Trench Box
All - Trench and Excavation Checklists,Locking Pins are in Place | Trench Box
All - Trench and Excavation Checklists,Ladder Extends 3' Above Trench | Ladders
All - Trench and Excavation Checklists,Tied Off if Unstable | Ladders
All - Trench and Excavation Checklists,Ladder at Appropriate Angle  | Ladders
All - Trench and Excavation Checklists,Are Areas Around Ladder Clear | Ladders
All - Trench and Excavation Checklists,Is Ladder in Trench Box | Ladders
All - Trench and Excavation Checklists,Were Utilities Contacted and/or Located | Utilities
All - Trench and Excavation Checklists,Exact Locations Marked Near Excavation | Utilities
All - Trench and Excavation Checklists,Underground Installations Appropriately Handled | Utilities
All - Trench and Excavation Checklists,Appropriate Water Accumulation Precautions | Wet Conditions
All - Trench and Excavation Checklists,Water Removal Equipment Monitored | Wet Conditions
All - Trench and Excavation Checklists,Surface Water Controlled or Diverted | Wet Conditions
All - Trench and Excavation Checklists,Post-Rainstorm Inspection | Wet Conditions
All - Trench and Excavation Checklists,Atmosphere Tested | Hazardous Atmosphere
All - Trench and Excavation Checklists,Appropriate Oxygen Content | Hazardous Atmosphere
All - Trench and Excavation Checklists,Ventilation Provided | Hazardous Atmosphere
All - Trench and Excavation Checklists,Testing Conducted to Maintain Safe Atmosphere | Hazardous Atmosphere
All - Trench and Excavation Checklists,Emergency Response Equiment Available | Hazardous Atmosphere
All - Trench and Excavation Checklists,Employees Trained on PPERE | Hazardous Atmosphere
All - Trench and Excavation Checklists,Safety Harness and Life Line Individually Attended | Hazardous Atmosphere
All Corrective Actions,Parent Form ID
All Corrective Actions,Form Name | Information
All Corrective Actions,Created By | Information
All Corrective Actions,Location | Information
All Corrective Actions,Date | Information
All Corrective Actions,Label | Information
All Corrective Actions,Connected Form | Flagged Form Item
All Corrective Actions,Flagged Item | Flagged Form Item
All Corrective Actions,Created By | Details
All Corrective Actions,Assigned To | Details
All Corrective Actions,Due Date | Details
All Corrective Actions,Needed Action | Flag
All Corrective Actions,Action Taken | Follow Up
All Equipment Check Out/Returns,Created By | Information
All Equipment Check Out/Returns,Location | Information
All Equipment Check Out/Returns,Date | Information
All Equipment Check Out/Returns,Label | Information
All Equipment Check Out/Returns,Connected Form | Flagged Form Item
All Equipment Check Out/Returns,Created By | Details
All Equipment Check Out/Returns,Assigned To | Details
All Equipment Check Out/Returns,Due Date | Details
All Equipment Check Out/Returns,Date Returned | Flag
All Equipment Check Out/Returns,Condition of Item | Follow Up
All Equipment Check Out/Returns,Additional Photos
All Equipment Check Out/Returns,All - Trackbooks ID
All Equipment Check Out/Returns,All - Trench and Excavation Checklists ID
All Equipment Check Out/Returns,Concrete - Flatwork Bill Sheets ID
All Equipment Check Out/Returns,Concrete - FN Post Pour Checklists ID
All Equipment Check Out/Returns,Concrete - FN Pre Pour Checklists ID
All Equipment Check Out/Returns,Concrete - Footing and Foundation Bill Sheets ID
All Equipment Check Out/Returns,Concrete - FW Post Pour Checklists ID
All Equipment Check Out/Returns,Date Created
All Equipment Check Out/Returns,Date Modified
All Equipment Check Out/Returns,Form Name | Information
Concrete - Flatwork Bill Sheets,Created By | Information
Concrete - Flatwork Bill Sheets,Location | Information
Concrete - Flatwork Bill Sheets,Date | Information
Concrete - Flatwork Bill Sheets,Label | Information
Concrete - Flatwork Bill Sheets,Form Name | Information
Concrete - Flatwork Bill Sheets,Fill Out Label | Bill Sheet
Concrete - Flatwork Bill Sheets,Name | Bill Sheet
Concrete - Flatwork Bill Sheets,Builder | Bill Sheet
Concrete - Flatwork Bill Sheets,Subdivision | Bill Sheet
Concrete - Flatwork Bill Sheets,Lot # | Bill Sheet
Concrete - Flatwork Bill Sheets,Date | Bill Sheet
Concrete - Flatwork Bill Sheets,Address | Bill Sheet
Concrete - Flatwork Bill Sheets,Total Cubic Yardage | Bill Sheet
Concrete - Flatwork Bill Sheets,Scheduled Time | Inspection
Concrete - Flatwork Bill Sheets,Actual Arrival Time | Inspection
Concrete - Flatwork Bill Sheets,Concrete | Concrete
Concrete - Flatwork Bill Sheets,Pump | Pump
Concrete - Flatwork Bill Sheets,SQFT | Slab On Grade Basement
Concrete - Flatwork Bill Sheets,Yardage | Slab On Grade Basement
Concrete - Flatwork Bill Sheets,SQFT | Garage Floor
Concrete - Flatwork Bill Sheets,Yardage | Garage Floor
Concrete - Flatwork Bill Sheets,Quantity | Dowels
Concrete - Flatwork Bill Sheets,Quantity of Epoxy Used | Dowels
Concrete - Flatwork Bill Sheets,Adobe Block Used/Chairs | Dowels
Concrete - Flatwork Bill Sheets,Interior | Grading
Concrete - Flatwork Bill Sheets,Exterior | Grading
Concrete - Flatwork Bill Sheets,Trenches | Grading
Concrete - Flatwork Bill Sheets,Face LN/FT | Porch Cap Suspended
Concrete - Flatwork Bill Sheets,Surface SQ FT | Porch Cap Suspended
Concrete - Flatwork Bill Sheets,Yardage | Porch Cap Suspended
Concrete - Flatwork Bill Sheets,Face LN/FT | Porch Cap On Dirt
Concrete - Flatwork Bill Sheets,Surface SQ FT | Porch Cap On Dirt
Concrete - Flatwork Bill Sheets,Yardage | Porch Cap On Dirt
Concrete - Flatwork Bill Sheets,Face FT | Porch Steps
Concrete - Flatwork Bill Sheets,Returns LN/FT | Porch Steps
Concrete - Flatwork Bill Sheets,Surface SQ FT | Porch Steps
Concrete - Flatwork Bill Sheets,Face FT | House Steps
Concrete - Flatwork Bill Sheets,Returns LN/FT | House Steps
Concrete - Flatwork Bill Sheets,Surface SQ FT | House Steps
Concrete - Flatwork Bill Sheets,Yardage | House Steps
Concrete - Flatwork Bill Sheets,SQ/FT | House Sidewalk
Concrete - Flatwork Bill Sheets,Yardage | House Sidewalk
Concrete - Flatwork Bill Sheets,SQ/FT | Driveway
Concrete - Flatwork Bill Sheets,LN/FT Bender Board | Driveway
Concrete - Flatwork Bill Sheets,Yardage | Driveway
Concrete - Flatwork Bill Sheets,SQ/FT | Patio - Doweled into House
Concrete - Flatwork Bill Sheets,Yardage | Patio - Doweled into House
Concrete - Flatwork Bill Sheets,SQ/FT | Deck Pad - Separate from House
Concrete - Flatwork Bill Sheets,Yardage | Deck Pad - Separate from House
Concrete - Flatwork Bill Sheets,Face FT | Basement Walk Out
Concrete - Flatwork Bill Sheets,Surface SQ FT | Basement Walk Out
Concrete - Flatwork Bill Sheets,Drain | Basement Walk Out
Concrete - Flatwork Bill Sheets,Landing SQ FT | Basement Walk Out
Concrete - Flatwork Bill Sheets,Yardage | Basement Walk Out
Concrete - Flatwork Bill Sheets,Man Door Pad | Man Door Pad
Concrete - Flatwork Bill Sheets,SQ/FT | RV Pad
Concrete - Flatwork Bill Sheets,Yardage | RV Pad
Concrete - Flatwork Bill Sheets,SQ/FT | Approach
Concrete - Flatwork Bill Sheets,Yardage | Approach
Concrete - Flatwork Bill Sheets,City | Remove and Replace Sidewalk
Concrete - Flatwork Bill Sheets,LN/FT | Remove and Replace Sidewalk
Concrete - Flatwork Bill Sheets,SQ/FT | Remove and Replace Sidewalk
Concrete - Flatwork Bill Sheets,Yardage | Remove and Replace Sidewalk
Concrete - Flatwork Bill Sheets,LN/FT | Remove and Replace Gutter
Concrete - Flatwork Bill Sheets,Yardage | Remove and Replace Gutter
Concrete - Flatwork Bill Sheets,Plastic Tiles | ADA Tiles
Concrete - Flatwork Bill Sheets,Metal Tiles | ADA Tiles
Concrete - Flatwork Bill Sheets,SQ/FT | New City Sidewalk
Concrete - Flatwork Bill Sheets,Yardage | New City Sidewalk
Concrete - Flatwork Bill Sheets,LF | New Curb and Gutter
Concrete - Flatwork Bill Sheets,Yardage | New Curb and Gutter
Concrete - Flatwork Bill Sheets,LN/FT | Wateryway
Concrete - Flatwork Bill Sheets,Width | Wateryway
Concrete - Flatwork Bill Sheets,Yardage | Wateryway
Concrete - Flatwork Bill Sheets,Quantity | Expansion
Concrete - Flatwork Bill Sheets,SQ/FT | Floor Patch
Concrete - Flatwork Bill Sheets,Product Used | Floor Patch
Concrete - Flatwork Bill Sheets,# of Bags Used | Floor Patch
Concrete - Flatwork Bill Sheets,Man Hours | Floor Patch
Concrete - Flatwork Bill Sheets,Product Used | Curb Patch
Concrete - Flatwork Bill Sheets,# of Bags Used | Curb Patch
Concrete - Flatwork Bill Sheets,Man Hours | Curb Patch
Concrete - Flatwork Bill Sheets,Product Used | Sidwalk Patch
Concrete - Flatwork Bill Sheets,# of Bags Used | Sidwalk Patch
Concrete - Flatwork Bill Sheets,Man Hours | Sidwalk Patch
Concrete - Flatwork Bill Sheets,LN/FT | Saw Cut
Concrete - Flatwork Bill Sheets,SQ/FT | Sealer
Concrete - Flatwork Bill Sheets,Visqueen | Visqueen
Concrete - Flatwork Bill Sheets,LN/FT | Sleeve under Drive
Concrete - Flatwork Bill Sheets,SF | Stamped Concrete
Concrete - Flatwork Bill Sheets,Yardage | Stamped Concrete
Concrete - Flatwork Bill Sheets,SQ/FT | Cover with Blankets
Concrete - Flatwork Bill Sheets,# of Blankets | Cover with Blankets
Concrete - Flatwork Bill Sheets,Man Hours | Cover with Blankets
Concrete - Flatwork Bill Sheets,Blankets Used | Cover with Blankets
Concrete - Flatwork Bill Sheets,Invoice Number | Office Only
Concrete - Flatwork Bill Sheets,Additional Notes | Notes
Concrete - FN Post Pour Checklists,Form Name | Information
Concrete - FN Post Pour Checklists,Created By | Information
Concrete - FN Post Pour Checklists,Location | Information
Concrete - FN Post Pour Checklists,Label | Information
Concrete - FN Post Pour Checklists,Date | Information
Concrete - FN Post Pour Checklists,Wall Flat/Straight | Post-Pour Checklist
Concrete - FN Post Pour Checklists,Correct Dimensions | Post-Pour Checklist
Concrete - FN Post Pour Checklists,Any Honeycomb | Post-Pour Checklist
Concrete - FN Post Pour Checklists,Hardware Picked Up | Post-Pour Checklist
Concrete - FN Post Pour Checklists,Trailer Ready for Transport | Post-Pour Checklist
Concrete - FN Post Pour Checklists,Plans Protected and On-Site | Post-Pour Checklist
Concrete - FN Post Pour Checklists,Rebar Cleaned Up | Post-Pour Checklist
Concrete - FN Post Pour Checklists,Purchased Rebar Packed Up | Post-Pour Checklist
Concrete - FN Post Pour Checklists,Garbage Cleaned Up | Post-Pour Checklist
Concrete - FN Pre Pour Checklists,Created By | Information
Concrete - FN Pre Pour Checklists,Location | Information
Concrete - FN Pre Pour Checklists,Label | Information
Concrete - FN Pre Pour Checklists,Date | Information
Concrete - FN Pre Pour Checklists,Is the Dig Safe | Pre Pour
Concrete - FN Pre Pour Checklists,Good Hole Access | Pre Pour
Concrete - FN Pre Pour Checklists,Room for Trailer | Pre Pour
Concrete - FN Pre Pour Checklists,Washout on Site | Pre Pour
Concrete - FN Pre Pour Checklists,Soils Report on Site | Pre Pour
Concrete - FN Pre Pour Checklists,Complete Plans on Site | Pre Pour
Concrete - FN Pre Pour Checklists,Correct Rebar Package on Site | Pre Pour
Concrete - FN Pre Pour Checklists,Vert Bundle Opened | Pre Pour
Concrete - FN Pre Pour Checklists,Correct Straps/J-bolts on Site | Pre Pour
Concrete - FN Pre Pour Checklists,Correct Windows and Door Bucks on Site | Pre Pour
Concrete - FN Pre Pour Checklists,Additional Forms/Hardware Needed | Pre Pour
Concrete - FN Pre Pour Checklists,Unaddressed Footing Issues | Pre Pour
Concrete - FN Pre Pour Checklists,Elevation/Foundation Step Questions | Pre Pour
Concrete - FN Pre Pour Checklists,Compared Plans | Pre Pour
Concrete - FN Pre Pour Checklists,Double Check Window/Door Locations/Elevations | Pre Pour
Concrete - FN Pre Pour Checklists,Double Check Strap Locations | Pre Pour
Concrete - FN Pre Pour Checklists,Double Check J-bolt Size/Spacing | Pre Pour
Concrete - FN Pre Pour Checklists,Verify Vertical/Horizontal Rebar | Pre Pour
Concrete - FN Pre Pour Checklists,Verify Ordered Pump Size | Pre Pour
Concrete - FN Pre Pour Checklists,Confirmed Yards with Kodie | Pre Pour
Concrete - FN Pre Pour Checklists,Ufer Installed | Pre Pour
Concrete - Footing and Foundation Bill Sheets,Date | Information
Concrete - Footing and Foundation Bill Sheets,Location | Information
Concrete - Footing and Foundation Bill Sheets,Created By | Information
Concrete - Footing and Foundation Bill Sheets,Form Name | Information
Concrete - Footing and Foundation Bill Sheets,Label/Job Code | Information
Concrete - Footing and Foundation Bill Sheets,Fill Out Label | Bill Sheet
Concrete - Footing and Foundation Bill Sheets,Name | Bill Sheet
Concrete - Footing and Foundation Bill Sheets,Builder | Bill Sheet
Concrete - Footing and Foundation Bill Sheets,Subdivision | Bill Sheet
Concrete - Footing and Foundation Bill Sheets,Lot # | Bill Sheet
Concrete - Footing and Foundation Bill Sheets,House Plan | Bill Sheet
Concrete - Footing and Foundation Bill Sheets,Date | Bill Sheet
Concrete - Footing and Foundation Bill Sheets,Scheduled Time | Inspection
Concrete - Footing and Foundation Bill Sheets,Actual Arrival Time | Inspection
Concrete - Footing and Foundation Bill Sheets,Scheduled Time | Pump
Concrete - Footing and Foundation Bill Sheets,Actual Arrival Time | Pump
Concrete - Footing and Foundation Bill Sheets,Pour Start Time | Pump
Concrete - Footing and Foundation Bill Sheets,Pour Finish Time | Pump
Concrete - Footing and Foundation Bill Sheets,Scheduled Time | Concrete
Concrete - Footing and Foundation Bill Sheets,Actual Arrival Time | Concrete
Concrete - Footing and Foundation Bill Sheets,Pour Start Time | Concrete
Concrete - Footing and Foundation Bill Sheets,Pour Finish Time | Concrete
Concrete - Footing and Foundation Bill Sheets,Total CY | Concrete
Concrete - Footing and Foundation Bill Sheets,20 Footing | Footing Quantities
Concrete - Footing and Foundation Bill Sheets,Is Empty
Concrete - Footing and Foundation Bill Sheets,24 Footing | Footing Quantities
Concrete - Footing and Foundation Bill Sheets,36 Footing | Footing Quantities
Concrete - Footing and Foundation Bill Sheets,Footing Step | Footing Quantities
Concrete - Footing and Foundation Bill Sheets,Spot Footing | Footing Quantities
Concrete - Footing and Foundation Bill Sheets,20 Ties | Footing Quantities
Concrete - Footing and Foundation Bill Sheets,24 Ties | Footing Quantities
Concrete - Footing and Foundation Bill Sheets,36 Ties | Footing Quantities
Concrete - Footing and Foundation Bill Sheets,Ufer Install | Footing Quantities
Concrete - Footing and Foundation Bill Sheets,Misc Notes | Footing
Concrete - Footing and Foundation Bill Sheets,Wall Steps | Foundation Quantities
Concrete - Footing and Foundation Bill Sheets,4' Wall | Foundation Quantities
Concrete - Footing and Foundation Bill Sheets,5' Wall | Foundation Quantities
Concrete - Footing and Foundation Bill Sheets,6' Wall | Foundation Quantities
Concrete - Footing and Foundation Bill Sheets,7' Wall | Foundation Quantities
Concrete - Footing and Foundation Bill Sheets,8' Wall | Foundation Quantities
Concrete - Footing and Foundation Bill Sheets,9' Wall | Foundation Quantities
Concrete - Footing and Foundation Bill Sheets,10' Wall | Foundation Quantities
Concrete - Footing and Foundation Bill Sheets,11' Wall | Foundation Quantities
Concrete - Footing and Foundation Bill Sheets,12' Wall | Foundation Quantities
Concrete - Footing and Foundation Bill Sheets,13' Wall | Foundation Quantities
Concrete - Footing and Foundation Bill Sheets,14' Wall | Foundation Quantities
Concrete - Footing and Foundation Bill Sheets,15' Wall | Foundation Quantities
Concrete - Footing and Foundation Bill Sheets,16' Wall | Foundation Quantities
Concrete - Footing and Foundation Bill Sheets,Other Wall height and quantity | Foundation Quantities
Concrete - Footing and Foundation Bill Sheets,4'-7' Corners | Foundation Quantities
Concrete - Footing and Foundation Bill Sheets,Corners 8' | Foundation Quantities
Concrete - Footing and Foundation Bill Sheets,Corners 9' | Foundation Quantities
Concrete - Footing and Foundation Bill Sheets,Angle Corners | Foundation Quantities
Concrete - Footing and Foundation Bill Sheets,Tall Corners | Foundation Quantities
Concrete - Footing and Foundation Bill Sheets,Corner Quantity notes | Foundation Quantities
Concrete - Footing and Foundation Bill Sheets,Windows | Foundation Quantities
Concrete - Footing and Foundation Bill Sheets,Doors | Foundation Quantities
Concrete - Footing and Foundation Bill Sheets,Drops | Foundation Quantities
Concrete - Footing and Foundation Bill Sheets,Straps / Hold downs | Foundation Quantities
Concrete - Footing and Foundation Bill Sheets,Bulk Heads/Haunch | Foundation Quantities
Concrete - Footing and Foundation Bill Sheets,Haunch | Foundation Quantities
Concrete - Footing and Foundation Bill Sheets,Block outs | Foundation Quantities
Concrete - Footing and Foundation Bill Sheets,Piers | Foundation Quantities
Concrete - Footing and Foundation Bill Sheets,Ledge | Foundation Quantities
Concrete - Footing and Foundation Bill Sheets,Suspended Slab / Ledger | Foundation Quantities
Concrete - Footing and Foundation Bill Sheets,Waterline Sleeve | Foundation Quantities
Concrete - Footing and Foundation Bill Sheets,Boxes of Ties | Foundation Quantities
Concrete - Footing and Foundation Bill Sheets,Misc Notes | Foundations
Concrete - Footing and Foundation Bill Sheets,Invoice Number (OFFICE ONLY)
Concrete - Footing and Foundation Bill Sheets,Additional Notes
Concrete - Footing and Foundation Bill Sheets,Photos
Concrete - Footing and Foundation Bill Sheets,Address
Concrete - FW Post Pour Checklists,Created By | Information
Concrete - FW Post Pour Checklists,Location | Information
Concrete - FW Post Pour Checklists,Date | Information
Concrete - FW Post Pour Checklists,Label | Information
Concrete - FW Post Pour Checklists,Builder | Job Site
Concrete - FW Post Pour Checklists,Subdivision | Job Site
Concrete - FW Post Pour Checklists,Lot | Job Site
Concrete - FW Post Pour Checklists,All Forms Stripped | Clean Up
Concrete - FW Post Pour Checklists,Is Concrete Cured | Clean Up
Concrete - FW Post Pour Checklists,Caution Tape in Place | Clean Up
Concrete - FW Post Pour Checklists,Splatter Cleaned Up | Clean Up
Concrete - FW Post Pour Checklists,Excess Cleaned Up | Clean Up
Concrete - FW Post Pour Checklists,Garbage Cleaned Up | Clean Up
Concrete - FW Post Pour Checklists,Site Looking Better | Clean Up
Concrete - FW Post Pour Checklists,Edges Flat | Finish
Concrete - FW Post Pour Checklists,Edges Flat - Photos
Concrete - FW Post Pour Checklists,No Trowel Lines | Finish
Concrete - FW Post Pour Checklists,No Trowel Lines - Photos
Concrete - FW Post Pour Checklists,Even Broom | Finish
Concrete - FW Post Pour Checklists,Even Broom - Photos
Concrete - FW Post Pour Checklists,Joints Straight | Finish
Concrete - FW Post Pour Checklists,Joints Straight - Photos
Concrete - FW Post Pour Checklists,Joints Cleaned Out | Finish
Concrete - FW Post Pour Checklists,Joints Cleaned Out - Photos
Concrete - FW Post Pour Checklists,Expansion Straight/Flat | Finish
Concrete - FW Post Pour Checklists,Expansion Straight and Flat - Photos
Concrete - FW Post Pour Checklists,Wall Lines Finished | Finish
Concrete - FW Post Pour Checklists,Wall Lines Finished - Photos
Concrete - FW Post Pour Checklists,Stair Face/PC Straight | Finish
Concrete - FW Post Pour Checklists,Stair Face/PC Straight - Photos
Concrete - FW Post Pour Checklists,Proper Slope | Finish
Concrete - FW Post Pour Checklists,Proper Slope - Photos
Concrete - FW Post Pour Checklists,Do We Need to Return | Finish
Concrete - FW Post Pour Checklists,Additional Photos
All Res Warranties,Connected Form | Flagged Form Item
All Res Warranties,Related Form Field
All Res Warranties,Location | Information
All Res Warranties,Date | Information
All Res Warranties,Label | Information
All Res Warranties,Created By | Details
All Res Warranties,Assigned To | Details
All Res Warranties,Due Date | Details
All Res Warranties,Scheduled in Task Master | Scheduled
All Res Warranties,Date in Task Master | Scheduled
All Res Warranties,Scheduled Crew | Scheduled
All Res Warranties,Add Comment
All Res Warranties,Add Image
All Res Warranties,Add Signature
All Res Warranties,Additional Photos
All Res Warranties,All - Trackbooks ID
All Res Warranties,All - Trackbooks ID - Full Form Name
All Res Warranties,All - Trench and Excavation Checklists ID
All Res Warranties,Comment records
All Res Warranties,Concrete - Flatwork Bill Sheets ID
All Res Warranties,Concrete - FN Post Pour Checklists ID
All Res Warranties,Concrete - FN Pre Pour Checklists ID
All Res Warranties,Concrete - Footing and Foundation Bill Sheets ID
All Res Warranties,Concrete - FW Post Pour Checklists
All Res Warranties,Date Created
All Res Warranties,Date Modified
All Res Warranties,Field
All Res Warranties,Form Name | Information
All Res Warranties,Full Form Name
All Res Warranties,Image records
